"x";"y";"startnum";"linenum"
"50769.1336";"18795.7376";"106";"307"
"50769.1336";"18795.7376";"106";"308"
"50811.8573";"18822.7427";"112";"309"
"50811.8573";"18822.7427";"112";"310"
"51031.9467";"18849.1086";"124";"311"
"50748.2816";"18824.2061";"107";"312"
"51063.7603";"18857.5969";"127";"313"
"51036.3438";"18861.7767";"565";"314"
"51063.7603";"18857.5969";"127";"315"
"50511.974";"18855.9503";"93";"316"
"50367.5659";"18867.8828";"80";"317"
"50296.1466";"18896.8695";"75";"318"
"50296.1466";"18896.8695";"75";"319"
"49834.5496";"19068.8203";"55";"320"
"49834.5496";"19068.8203";"55";"157"
"50466.4574";"18865.0287";"87";"321"
"49808.8564";"19107.5524";"56";"322"
"49869.9903";"19090.388";"61";"323"
"49808.8564";"19107.5524";"56";"324"
"49606.6355";"19158.73";"43";"325"
"49606.6355";"19158.73";"43";"326"
"49588.9524";"19173.0671";"558";"327"
"50845.1797";"18796.7821";"113";"328"
"51715.0094";"19215.1156";"195";"329"
"51715.0094";"19215.1156";"195";"330"
"49578.6162";"19166.0743";"41";"331"
"51752.6149";"19240.659";"209";"332"
"51753.4008";"19205.3521";"200";"883"
"49348.0161";"19226.7398";"27";"333"
"49348.0161";"19226.7398";"27";"530"
"47855.4701";"19265.7299";"1";"306"
"47894.1995";"19231.436";"2";"334"
"47922.2061";"19269.3696";"3";"335"
"47894.1995";"19231.436";"2";"336"
"49274.9018";"19269.5564";"24";"531"
"49274.9018";"19269.5564";"24";"532"
"48345.6394";"19268.2711";"7";"337"
"48303.9007";"19295.8845";"6";"338"
"48303.9007";"19295.8845";"6";"339"
"48306.977";"19299.6812";"540";"340"
"48376.9797";"19299.828";"9";"341"
"48345.6394";"19268.2711";"7";"342"
"48376.9797";"19299.828";"9";"343"
"49249.4194";"19247.906";"23";"344"
"51837.05";"19309.0112";"244";"345"
"51856.4649";"19327.3799";"255";"346"
"49869.9903";"19090.388";"61";"158"
"49839.5726";"19359.8462";"76";"159"
"49839.5726";"19359.8462";"76";"187"
"49835.1974";"19364.346";"560";"160"
"49842.0727";"19378.2845";"79";"161"
"49842.0727";"19378.2845";"79";"162"
"49859.7217";"19382.7352";"81";"163"
"49861.7468";"19356.6111";"77";"164"
"51752.6149";"19240.659";"209";"884"
"49861.7468";"19356.6111";"77";"188"
"51583.4716";"19410.7218";"210";"808"
"50511.974";"18855.9503";"93";"189"
"51523.3061";"19442.0708";"202";"885"
"51507.5112";"19442.6506";"575";"886"
"51494.1674";"19472.715";"204";"887"
"51494.1674";"19472.715";"204";"888"
"49336.0675";"19256.8796";"29";"533"
"51583.4716";"19410.7218";"210";"809"
"51670.2301";"19492.3082";"246";"811"
"49259.6252";"19500.314";"42";"534"
"49259.6252";"19500.314";"42";"696"
"51654.318";"19508.5487";"247";"810"
"51654.318";"19508.5487";"247";"812"
"49507.8319";"19508.2826";"67";"697"
"51459.9431";"19511.5476";"206";"889"
"51448.9697";"19509.8168";"574";"890"
"49507.8319";"19508.2826";"67";"698"
"49150.7184";"19509.8089";"551";"699"
"49156.2099";"19514.3274";"37";"700"
"49494.7051";"19514.5771";"556";"701"
"49131.8228";"19517.5663";"35";"702"
"49131.8228";"19517.5663";"35";"703"
"51459.9431";"19511.5476";"206";"880"
"51571.0211";"19423.988";"211";"891"
"49367.6393";"19488.5934";"51";"535"
"49486.9432";"19509.0611";"65";"704"
"51468.0025";"19530.5506";"213";"892"
"51479.875";"19518.8666";"214";"893"
"49245.0005";"19538.6697";"44";"536"
"49359.581";"19525.9126";"52";"705"
"49804.7299";"19540.4785";"88";"165"
"49367.6393";"19488.5934";"51";"706"
"51426.45";"19544.4821";"205";"894"
"51426.45";"19544.4821";"205";"895"
"49245.0005";"19538.6697";"44";"707"
"49186.1087";"19544.5234";"40";"708"
"49159.4545";"19550.4836";"552";"709"
"48817.1685";"19550.935";"18";"710"
"49186.1087";"19544.5234";"40";"711"
"48790.8895";"19553.2206";"17";"712"
"49804.7299";"19540.4785";"88";"713"
"49859.7217";"19382.7352";"81";"166"
"48773.8671";"19555.8025";"16";"714"
"48773.8671";"19555.8025";"16";"715"
"49780.3871";"19582.2762";"92";"716"
"49780.3871";"19582.2762";"92";"167"
"48817.1685";"19550.935";"18";"190"
"49157.2278";"19547.2022";"39";"717"
"48804.1077";"19586.9399";"20";"191"
"48831.3473";"19585.3767";"21";"718"
"49809.4298";"19596.4765";"99";"719"
"49829.9333";"19554.8072";"96";"168"
"51479.875";"19518.8666";"214";"881"
"51562.126";"19599.3549";"245";"813"
"51551.5174";"19613.2673";"248";"882"
"51551.5174";"19613.2673";"248";"814"
"48544.797";"19625.2819";"15";"720"
"48537.6595";"19625.3485";"543";"721"
"49829.9333";"19554.8072";"96";"722"
"49948.4366";"19628.7672";"109";"723"
"48526.2456";"19641.1174";"14";"724"
"48526.2456";"19641.1174";"14";"725"
"47922.2061";"19269.3696";"3";"347"
"47881.5111";"19646.4439";"4";"348"
"51753.4008";"19205.3521";"200";"349"
"51468.0025";"19530.5506";"213";"896"
"52101.2557";"19677.9363";"321";"350"
"52101.2557";"19677.9363";"321";"1"
"52135.4483";"19666.0893";"331";"2"
"52135.4483";"19666.0893";"331";"3"
"47881.5111";"19646.4439";"4";"351"
"47888.3869";"19679.2652";"538";"352"
"51340.2005";"19667.9535";"219";"897"
"52128.1985";"19722.7227";"340";"353"
"52141.0924";"19681.2153";"334";"556"
"49961.0083";"19633.9386";"111";"726"
"49666.2982";"19734.4316";"559";"169"
"49673.7407";"19735.2837";"100";"170"
"50203.8431";"19733.0042";"128";"727"
"48831.3473";"19585.3767";"21";"192"
"50467.1625";"19732.2145";"139";"728"
"51014.5017";"19747.6359";"172";"729"
"49667.0868";"19747.9252";"101";"171"
"49667.0868";"19747.9252";"101";"172"
"51430.1925";"19750.1861";"253";"815"
"51340.2005";"19667.9535";"219";"853"
"48860.5991";"19746.8772";"32";"193"
"48848.8502";"19756.1899";"31";"194"
"51014.5017";"19747.6359";"172";"730"
"51043.4799";"19750.7827";"566";"731"
"51430.1925";"19750.1861";"253";"854"
"51856.4649";"19327.3799";"255";"816"
"51415.6146";"19764.784";"254";"855"
"51415.6146";"19764.784";"254";"817"
"50467.1625";"19732.2145";"139";"224"
"50183.2252";"19766.1376";"129";"732"
"50183.2252";"19766.1376";"129";"733"
"48846.9515";"19766.8991";"546";"195"
"50462.4182";"19768.3158";"141";"734"
"50486.7564";"19765.2918";"142";"735"
"50215.151";"19770.6377";"130";"736"
"50203.8431";"19733.0042";"128";"148"
"50462.4182";"19768.3158";"141";"737"
"48859.8948";"19777.4725";"34";"196"
"48859.8948";"19777.4725";"34";"197"
"48860.5991";"19746.8772";"32";"198"
"48881.8942";"19769.2211";"547";"199"
"51429.9088";"19778.5313";"260";"856"
"51444.42";"19763.2556";"259";"818"
"51989.9144";"19796.141";"326";"557"
"51976.9617";"19803.3707";"322";"558"
"51051.0265";"19759.6385";"177";"738"
"51162.1284";"19803.5116";"203";"898"
"49641.4752";"19808.3563";"103";"173"
"47838.1106";"19812.9912";"8";"354"
"51162.1284";"19803.5116";"203";"739"
"51325.7331";"19683.5812";"220";"899"
"52011.3403";"19824.8166";"335";"807"
"51989.9144";"19796.141";"326";"559"
"52128.1985";"19722.7227";"340";"560"
"51132.3342";"19826.1307";"199";"740"
"51162.1284";"19803.5116";"203";"741"
"49552.7842";"19825.2661";"557";"496"
"49557.2487";"19828.9958";"97";"497"
"49536.7092";"19837.2978";"94";"498"
"49536.7092";"19837.2978";"94";"499"
"51174.9645";"19843.6639";"224";"742"
"51206.1198";"19819.4762";"225";"743"
"49632.6003";"19853.9115";"104";"174"
"51512.0736";"19859.3325";"279";"857"
"51206.1198";"19819.4762";"225";"744"
"51298.7146";"19878.5453";"252";"819"
"47832.231";"19896.3565";"10";"467"
"47832.231";"19896.3565";"10";"355"
"51276.2501";"19899.4373";"251";"745"
"51298.7146";"19878.5453";"252";"746"
"51429.9088";"19778.5313";"260";"820"
"51557.557";"19902.0277";"285";"858"
"50203.9524";"19908.548";"133";"149"
"49809.4298";"19596.4765";"99";"175"
"50486.7564";"19765.2918";"142";"225"
"49106.6133";"19915.0095";"69";"537"
"49644.2403";"19908.9285";"105";"176"
"51303.0253";"19921.6684";"264";"747"
"50196.5932";"19923.9723";"136";"150"
"48879.3941";"19778.1798";"36";"200"
"49003.3566";"19926.7904";"60";"201"
"50508.3825";"19914.6517";"147";"226"
"49644.2403";"19908.9285";"105";"177"
"48991.4378";"19935.5263";"58";"202"
"51174.9645";"19843.6639";"224";"900"
"51095.2967";"19936.7908";"227";"901"
"48992.447";"19944.5512";"549";"203"
"49003.3566";"19926.7904";"60";"204"
"49020.5872";"19936.6647";"550";"205"
"49008.896";"19957.1081";"63";"206"
"49008.896";"19957.1081";"63";"207"
"51329.0474";"19899.6541";"265";"748"
"51407.0967";"19961.7387";"278";"915"
"49106.6133";"19915.0095";"69";"538"
"49359.581";"19525.9126";"52";"539"
"51444.42";"19763.2556";"259";"859"
"51661.4225";"19965.9505";"303";"827"
"49049.5367";"19967.5892";"68";"540"
"49020.2017";"19947.3341";"64";"208"
"47855.4701";"19265.7299";"1";"476"
"47806.1687";"19974.7599";"11";"356"
"51661.4225";"19965.9505";"303";"860"
"51976.9617";"19803.3707";"322";"828"
"51645.0671";"19980.7892";"302";"861"
"51645.0671";"19980.7892";"302";"829"
"47806.1687";"19974.7599";"11";"357"
"47880.5741";"19682.7344";"5";"358"
"51659.0559";"19993.7777";"309";"862"
"51673.429";"19977.1084";"308";"830"
"49018.1674";"19994.3975";"66";"209"
"49018.1674";"19994.3975";"66";"541"
"51381.3831";"19998.7384";"280";"749"
"51381.3831";"19998.7384";"280";"916"
"47842.075";"20005.5389";"12";"477"
"47842.075";"20005.5389";"12";"359"
"47870.864";"19983.2037";"13";"478"
"48804.1077";"19586.9399";"20";"750"
"48550.1691";"20008.2544";"26";"751"
"51407.0967";"19961.7387";"278";"618"
"51557.557";"19902.0277";"285";"917"
"51095.2967";"19936.7908";"227";"835"
"51180.1251";"20013.4534";"257";"821"
"48522.9252";"20022.0592";"25";"752"
"48550.1691";"20008.2544";"26";"753"
"48571.4447";"20017.2225";"544";"754"
"51180.1251";"20013.4534";"257";"836"
"51303.0253";"19921.6684";"264";"822"
"51169.0368";"20026.1925";"258";"837"
"51169.0368";"20026.1925";"258";"823"
"52011.3403";"19824.8166";"335";"561"
"50963.7698";"20029.3268";"564";"902"
"50972.1233";"20032.4488";"217";"903"
"48523.2768";"20033.9422";"542";"755"
"51184.1611";"20037.987";"263";"838"
"51194.1196";"20025.9099";"262";"824"
"51437.0553";"20040.5052";"291";"619"
"51463.2685";"20012.3131";"288";"918"
"49174.2028";"19964.9499";"72";"542"
"51819.9607";"20031.3049";"341";"562"
"48543.1996";"20041.9819";"28";"756"
"50961.7006";"20044.3175";"218";"904"
"50961.7006";"20044.3175";"218";"905"
"51673.429";"19977.1084";"308";"863"
"51754.0089";"20049.9749";"332";"563"
"51819.9607";"20031.3049";"341";"564"
"51811.273";"20050.6958";"579";"565"
"52340.1269";"20053.3706";"413";"360"
"48556.655";"20054.1713";"33";"757"
"51733.9556";"20065.076";"329";"864"
"51733.9556";"20065.076";"329";"566"
"49118.2793";"20041.368";"73";"543"
"52340.1269";"20053.3706";"413";"361"
"52141.0924";"19681.2153";"334";"362"
"51463.2685";"20012.3131";"288";"620"
"48594.4943";"20092.9161";"38";"758"
"51535.9962";"20091.9588";"304";"831"
"50263.6331";"20093.8082";"145";"151"
"52318.2741";"20094.4835";"587";"363"
"48594.4943";"20092.9161";"38";"759"
"51194.1196";"20025.9099";"262";"839"
"51281.6625";"20107.2958";"282";"919"
"49118.2793";"20041.368";"73";"210"
"49196.8607";"20113.0314";"85";"500"
"51535.9962";"20091.9588";"304";"621"
"51659.0559";"19993.7777";"309";"832"
"50083.1533";"20116.1012";"138";"211"
"51514.8965";"20116.693";"306";"622"
"51268.5048";"20119.7187";"281";"840"
"51268.5048";"20119.7187";"281";"920"
"50083.1533";"20116.1012";"138";"212"
"48570.1946";"20025.1396";"30";"760"
"49196.8607";"20113.0314";"85";"213"
"49632.6003";"19853.9115";"104";"501"
"50107.1684";"20121.2947";"140";"214"
"52398.8875";"20129.0814";"425";"364"
"52390.7703";"20073.6936";"422";"365"
"52398.8875";"20129.0814";"425";"366"
"48694.1222";"20123.7507";"47";"761"
"49167.2374";"20133.0759";"84";"215"
"49167.2374";"20133.0759";"84";"502"
"49644.767";"19931.1613";"108";"178"
"49737.0833";"20136.3581";"122";"216"
"50285.9745";"20138.6723";"148";"152"
"51533.9286";"20141.4202";"312";"623"
"48656.8894";"20143.8699";"46";"762"
"51281.6625";"20107.2958";"282";"841"
"51437.0553";"20040.5052";"291";"921"
"49201.9243";"20145.6325";"89";"217"
"49233.5793";"20126.5127";"91";"218"
"48659.6459";"20152.9729";"545";"763"
"51308.9598";"20159.2457";"287";"842"
"51323.4187";"20144.2045";"286";"922"
"49713.7981";"20162.073";"123";"179"
"49713.7981";"20162.073";"123";"219"
"49737.0833";"20136.3581";"122";"180"
"50285.9745";"20138.6723";"148";"220"
"48678.4662";"20165.7473";"50";"764"
"48678.4662";"20165.7473";"50";"765"
"51084.4886";"19943.5544";"226";"906"
"50842.6781";"20169.9988";"222";"907"
"50842.6781";"20169.9988";"222";"276"
"48755.2094";"20174.709";"59";"544"
"48708.0095";"20131.9249";"49";"766"
"49728.8751";"20180.3259";"125";"181"
"49756.8628";"20163.2913";"126";"221"
"51551.9937";"20115.932";"310";"624"
"51600.8077";"20187.8809";"327";"567"
"48716.9587";"20201.0469";"57";"767"
"48716.9587";"20201.0469";"57";"545"
"50993.3556";"20219.5732";"261";"825"
"50877.7859";"20168.9099";"229";"277"
"47870.864";"19983.2037";"13";"367"
"49233.5793";"20126.5127";"91";"222"
"48163.9535";"20224.128";"19";"368"
"50993.3556";"20219.5732";"261";"278"
"51184.1611";"20037.987";"263";"826"
"50341.8054";"20228.0379";"162";"153"
"51323.4187";"20144.2045";"286";"843"
"51405.1636";"20228.4304";"307";"833"
"51590.0709";"20230.4673";"333";"625"
"51590.0709";"20230.4673";"333";"568"
"51600.8077";"20187.8809";"327";"626"
"51803.3479";"20050.6372";"342";"569"
"49728.8751";"20180.3259";"125";"223"
"50507.7575";"19928.4023";"149";"227"
"50596.4354";"20244.9422";"183";"279"
"51405.1636";"20228.4304";"307";"844"
"51533.9286";"20141.4202";"312";"834"
"48163.9535";"20224.128";"19";"369"
"48185.621";"20233.0845";"539";"370"
"48755.2094";"20174.709";"59";"768"
"49094.8645";"20067.9757";"74";"546"
"52513.3006";"20250.9447";"444";"371"
"50584.6362";"20255.2288";"182";"228"
"50584.6362";"20255.2288";"182";"280"
"49061.0316";"20269.4879";"86";"503"
"48798.0826";"20271.7051";"70";"769"
"48847.6304";"20248.7439";"71";"547"
"51606.7748";"20280.8703";"348";"627"
"51629.0958";"20238.2589";"344";"570"
"52540.8494";"20282.7606";"447";"372"
"52390.7703";"20073.6936";"422";"373"
"52594.4086";"20293.6258";"452";"374"
"51007.1065";"20227.5356";"266";"281"
"51088.6776";"20305.0281";"283";"923"
"52567.0891";"20309.3894";"450";"375"
"52594.4086";"20293.6258";"452";"376"
"48847.6304";"20248.7439";"71";"770"
"48936.101";"20313.7997";"82";"771"
"51520.1894";"20323.3039";"338";"571"
"51425.2652";"20245.0027";"311";"845"
"49016.0202";"20336.2732";"90";"504"
"48936.101";"20313.7997";"82";"772"
"49016.0202";"20336.2732";"90";"773"
"49201.9243";"20145.6325";"89";"505"
"51500.6275";"20343.7925";"339";"846"
"51500.6275";"20343.7925";"339";"572"
"51088.6776";"20305.0281";"283";"229"
"51308.9598";"20159.2457";"287";"924"
"52604.1396";"20302.9214";"454";"377"
"52604.1396";"20302.9214";"454";"378"
"50500.8559";"20361.781";"185";"282"
"50215.151";"19770.6377";"130";"154"
"48522.537";"20365.9071";"53";"548"
"48995.4939";"20380.2262";"95";"774"
"48995.4939";"20380.2262";"95";"506"
"49032.4038";"20383.5174";"102";"775"
"49052.8894";"20339.7726";"98";"507"
"50500.8559";"20361.781";"185";"126"
"51099.906";"20348.5531";"284";"283"
"50496.7571";"20395.9403";"188";"155"
"50496.7571";"20395.9403";"188";"284"
"50519.0279";"20405.8978";"194";"156"
"50524.8954";"20391.1573";"191";"285"
"48552.1424";"20412.5377";"62";"549"
"48798.0826";"20271.7051";"70";"550"
"52235.4063";"20431.1773";"586";"113"
"52248.2091";"20433.7839";"432";"114"
"52240.1508";"20446.8758";"433";"115"
"52240.1508";"20446.8758";"433";"116"
"49246.3297";"20452.3426";"115";"776"
"49270.78";"20469.8323";"116";"777"
"48182.7411";"20246.9";"22";"379"
"51693.2365";"20479.4562";"374";"628"
"48320.7642";"20479.0466";"45";"551"
"51689.5257";"20487.1845";"577";"629"
"49756.8628";"20163.2913";"126";"182"
"50130.9304";"20492.0539";"165";"183"
"51606.7748";"20280.8703";"348";"573"
"51700.9485";"20507.3623";"383";"630"
"51700.9485";"20507.3623";"383";"631"
"51372.462";"20504.8508";"345";"574"
"51372.462";"20504.8508";"345";"575"
"51361.4198";"20526.6271";"572";"576"
"48301.5801";"20532.79";"48";"380"
"48301.5801";"20532.79";"48";"552"
"51140.578";"20356.4527";"294";"230"
"51298.0441";"20541.8683";"336";"577"
"48343.2786";"20547.0055";"54";"381"
"48320.7642";"20479.0466";"45";"382"
"48552.1424";"20412.5377";"62";"553"
"51298.0441";"20541.8683";"336";"231"
"51352.646";"20526.2356";"346";"578"
"51629.0958";"20238.2589";"344";"632"
"51723.5278";"20633.56";"406";"633"
"51749.2313";"20631.2328";"409";"634"
"50323.4186";"20640.6534";"201";"286"
"50130.9304";"20492.0539";"165";"184"
"49052.8894";"20339.7726";"98";"778"
"51749.2313";"20631.2328";"409";"635"
"50323.4186";"20640.6534";"201";"127"
"50519.0279";"20405.8978";"194";"287"
"51726.2187";"20660.8138";"410";"636"
"51726.2187";"20660.8138";"410";"637"
"50289.3875";"20663.3116";"197";"185"
"50289.3875";"20663.3116";"197";"288"
"49445.7362";"20669.8128";"134";"779"
"49445.7362";"20669.8128";"134";"488"
"49494.5613";"20670.7336";"137";"780"
"49472.5064";"20644.5989";"135";"489"
"50326.8044";"20673.3909";"215";"186"
"50342.7756";"20660.5539";"216";"289"
"49818.6878";"20681.6925";"155";"490"
"49829.252";"20684.5075";"157";"491"
"49829.252";"20684.5075";"157";"492"
"50342.7756";"20660.5539";"216";"128"
"50431.9567";"20738.1976";"249";"129"
"49472.5064";"20644.5989";"135";"493"
"50136.1639";"20750.1415";"187";"290"
"50431.9567";"20738.1976";"249";"130"
"50113.3949";"20762.005";"186";"494"
"50113.3949";"20762.005";"186";"291"
"50136.4233";"20775.6038";"190";"495"
"50136.1639";"20750.1415";"187";"292"
"50326.8044";"20673.3909";"215";"293"
"48343.2786";"20547.0055";"54";"383"
"49813.5157";"20838.597";"166";"479"
"51315.1294";"20572.747";"349";"232"
"49730.1061";"20858.7622";"163";"480"
"49733.9158";"20860.171";"164";"481"
"51366.586";"20857.5822";"386";"233"
"48408.1393";"20811.714";"78";"384"
"51366.586";"20857.5822";"386";"234"
"51360.9742";"20880.1019";"571";"235"
"49821.8424";"20839.5059";"167";"482"
"50023.9839";"20884.7241";"189";"294"
"49651.5958";"20896.5823";"160";"483"
"50019.1404";"20897.2917";"192";"295"
"49644.6394";"20899.0869";"159";"484"
"49503.6639";"20910.2378";"146";"781"
"49494.5613";"20670.7336";"137";"782"
"49537.7756";"20914.4805";"151";"485"
"49537.7756";"20914.4805";"151";"486"
"50019.1404";"20897.2917";"192";"487"
"49502.6066";"20935.0028";"150";"783"
"51285.7404";"20948.1855";"390";"236"
"50524.8954";"20391.1573";"191";"131"
"51285.7404";"20948.1855";"390";"52"
"51358.425";"20882.2303";"393";"237"
"51264.9784";"20965.8439";"389";"238"
"51295.8705";"20978.4593";"399";"132"
"51330.8696";"20949.3938";"401";"239"
"49996.5809";"20986.3061";"208";"296"
"49996.5809";"20986.3061";"208";"297"
"50136.4233";"20775.6038";"190";"298"
"49994.0954";"21002.7072";"212";"299"
"50016.2723";"20996.4571";"223";"300"
"49534.0408";"20932.7614";"152";"784"
"49488.8749";"21018.2464";"156";"785"
"49488.8749";"21018.2464";"156";"468"
"51295.8705";"20978.4593";"399";"240"
"49526.928";"21012.7172";"158";"469"
"49656.3588";"21028.9612";"169";"470"
"49517.7617";"21032.9056";"161";"786"
"49526.928";"21012.7172";"158";"471"
"49649.2748";"21025.3119";"168";"472"
"49812.3438";"21033.4573";"184";"473"
"49994.0954";"21002.7072";"212";"474"
"52992.2491";"21034.162";"524";"385"
"49801.187";"21032.3649";"180";"475"
"51231.3274";"21024.343";"396";"74"
"49032.4038";"20383.5174";"102";"508"
"52992.2491";"21034.162";"524";"386"
"52657.2131";"20358.0302";"456";"387"
"48951.9726";"21046.5297";"132";"509"
"48951.9726";"21046.5297";"132";"510"
"48932.0433";"21065.3603";"548";"511"
"49990.1528";"21082.7079";"231";"301"
"53005.3755";"21083.2976";"527";"388"
"53030.3772";"21052.3683";"526";"53"
"51207.7086";"21039.6036";"395";"241"
"51091.5997";"21088.6612";"377";"242"
"51091.5997";"21088.6612";"377";"243"
"51076.1814";"21105.7922";"567";"244"
"51699.1394";"21110.2352";"446";"54"
"51330.8696";"20949.3938";"401";"55"
"48476.9672";"21114.8681";"110";"389"
"50471.8723";"21119.2608";"301";"133"
"51699.1394";"21110.2352";"446";"56"
"51714.8314";"21111.9491";"578";"57"
"49997.9674";"21122.2043";"238";"302"
"48408.1393";"20811.714";"78";"44"
"48733.3432";"21133.6177";"121";"512"
"50494.3747";"21133.94";"305";"134"
"48710.9832";"21142.898";"120";"45"
"48710.9832";"21142.898";"120";"513"
"48371.6979";"21145.9999";"541";"528"
"51867.1285";"21149.1124";"457";"638"
"53022.4525";"21152.2898";"531";"390"
"51719.3744";"21121.0554";"448";"58"
"53020.3431";"21156.9068";"588";"391"
"51867.1285";"21149.1124";"457";"59"
"51751.5335";"20658.5178";"414";"639"
"51419.7542";"21166.5106";"428";"75"
"50695.1395";"21164.392";"343";"135"
"50605.2022";"21169.1176";"320";"136"
"50620.8508";"21170.9207";"328";"137"
"50674.3078";"21167.4088";"337";"138"
"51432.7629";"21172.3019";"430";"76"
"51432.7629";"21172.3019";"430";"77"
"51420.1186";"21173.8814";"573";"78"
"52540.8494";"20282.7606";"447";"117"
"52503.98";"21177.4739";"506";"60"
"48511.1379";"21178.1102";"114";"529"
"48511.1379";"21178.1102";"114";"392"
"52125.363";"21167.6883";"585";"61"
"51919.616";"21165.371";"461";"62"
"52080.6282";"21182.0527";"490";"63"
"52080.6282";"21182.0527";"490";"64"
"52457.093";"21184.9454";"504";"118"
"52457.093";"21184.9454";"504";"65"
"52125.988";"21180.5329";"493";"66"
"48417.4083";"20865.2913";"83";"393"
"48559.1134";"21195.6533";"118";"514"
"51919.616";"21165.371";"461";"640"
"51881.1404";"21199.9621";"460";"67"
"51881.1404";"21199.9621";"460";"641"
"51928.0713";"21199.7245";"464";"68"
"52091.9697";"21200.1127";"492";"69"
"52119.3163";"21201.883";"494";"70"
"50886.1776";"21206.0261";"368";"139"
"50438.9241";"20751.8507";"256";"140"
"52119.3163";"21201.883";"494";"71"
"52101.0169";"21207.8856";"584";"72"
"53005.3755";"21083.2976";"527";"73"
"48536.316";"21218.4149";"117";"394"
"48536.316";"21218.4149";"117";"515"
"50886.1776";"21206.0261";"368";"141"
"51264.9784";"20965.8439";"389";"142"
"50885.3819";"21227.5953";"370";"143"
"53043.7169";"21231.0492";"537";"395"
"53043.7169";"21231.0492";"537";"396"
"48587.7088";"21235.2736";"119";"397"
"48559.1134";"21195.6533";"118";"398"
"48926.8283";"21065.022";"131";"516"
"50949.5703";"21243.3215";"378";"245"
"50902.2622";"21243.8831";"372";"144"
"50899.012";"21220.8835";"371";"145"
"51631.1339";"21255.6176";"451";"79"
"50949.5703";"21243.3215";"378";"101"
"51069.6186";"21103.2846";"375";"246"
"50946.377";"21262.7391";"384";"146"
"50946.377";"21262.7391";"384";"247"
"51634.1688";"21262.9001";"576";"80"
"51657.544";"21264.4898";"455";"81"
"51657.544";"21264.4898";"455";"82"
"50981.4205";"21298.5992";"400";"147"
"50986.2602";"21260.2222";"394";"248"
"49769.1343";"21316.5843";"233";"929"
"49483.6265";"21319.6614";"176";"787"
"49762.7446";"21321.5157";"232";"930"
"49483.6265";"21319.6614";"176";"788"
"49517.7617";"21032.9056";"161";"789"
"51866.28";"21324.5168";"474";"642"
"49769.1343";"21316.5843";"233";"579"
"49997.9674";"21122.2043";"238";"931"
"51231.3274";"21024.343";"396";"83"
"50016.2723";"20996.4571";"223";"303"
"51866.28";"21324.5168";"474";"84"
"51928.0713";"21199.7245";"464";"643"
"50136.7572";"21339.4892";"289";"304"
"50136.7572";"21339.4892";"289";"249"
"49491.1986";"21342.13";"179";"790"
"49514.9362";"21323.9661";"181";"517"
"49775.6615";"21343.3786";"237";"932"
"49790.2554";"21325.8291";"236";"933"
"51857.699";"21345.2452";"482";"85"
"51857.699";"21345.2452";"482";"644"
"51894.6442";"21361.9855";"488";"86"
"51902.8171";"21336.443";"487";"645"
"50178.7389";"21369.0893";"297";"305"
"50180.9132";"21333.674";"295";"908"
"50986.2602";"21260.2222";"394";"102"
"50956.3445";"21381.222";"404";"250"
"51211.177";"21381.1169";"429";"103"
"49514.9362";"21323.9661";"181";"791"
"51902.8171";"21336.443";"487";"87"
"52068.3216";"21403.3062";"497";"88"
"50848.7343";"21411.4928";"397";"119"
"50695.1395";"21164.392";"343";"124"
"52068.3216";"21403.3062";"497";"89"
"52086.9268";"21407.5013";"582";"90"
"49548.6738";"21401.9447";"196";"792"
"49860.5638";"21421.7488";"271";"580"
"52071.1955";"21422.1804";"498";"91"
"50834.3864";"21427.0005";"398";"125"
"50834.3864";"21427.0005";"398";"120"
"49529.6085";"21427.1617";"198";"793"
"52074.4462";"21429.5494";"581";"92"
"52088.3531";"21431.2998";"501";"93"
"52088.3531";"21431.2998";"501";"94"
"49878.4796";"21441.2611";"273";"581"
"50928.4703";"21461.7684";"411";"251"
"50928.4703";"21461.7684";"411";"252"
"49548.9614";"21462.1944";"221";"794"
"50928.4703";"21461.7684";"411";"32"
"50981.4205";"21298.5992";"400";"253"
"49556.7732";"21417.6626";"207";"795"
"49274.7395";"21474.8298";"554";"518"
"49281.3239";"21475.8007";"170";"519"
"50953.4334";"21481.459";"419";"254"
"50960.144";"21467.1";"418";"255"
"49595.5872";"21475.7339";"230";"934"
"49491.1986";"21342.13";"179";"520"
"49288.3189";"21483.7625";"173";"521"
"49271.325";"21489.131";"171";"522"
"49271.325";"21489.131";"171";"523"
"50180.9132";"21333.674";"295";"256"
"50388.0949";"21491.6379";"347";"943"
"48587.7088";"21235.2736";"119";"399"
"48850.5929";"21496.7386";"144";"400"
"49288.3189";"21483.7625";"173";"524"
"49281.7682";"21493.3218";"555";"525"
"49790.2554";"21325.8291";"236";"582"
"49975.9615";"21500.8227";"290";"909"
"49580.8523";"21509.1877";"234";"796"
"49580.8523";"21509.1877";"234";"935"
"49595.5872";"21475.7339";"230";"797"
"49775.6615";"21343.3786";"237";"936"
"48829.2845";"21516.0222";"143";"401"
"48829.2845";"21516.0222";"143";"402"
"50387.394";"21516.0516";"350";"257"
"50387.394";"21516.0516";"350";"944"
"49959.0503";"21519.8877";"292";"583"
"49959.0503";"21519.8877";"292";"910"
"50388.0949";"21491.6379";"347";"258"
"50494.3747";"21133.94";"305";"945"
"51670.574";"21527.2031";"478";"646"
"49603.9272";"21536.6752";"241";"798"
"49626.4817";"21515.2131";"242";"799"
"50443.7035";"21526.9683";"362";"865"
"50407.5293";"21538.0823";"354";"259"
"50411.7529";"21536.7847";"356";"260"
"50411.7529";"21536.7847";"356";"866"
"50953.4334";"21481.459";"419";"261"
"49975.9615";"21500.8227";"290";"584"
"50178.7389";"21369.0893";"297";"911"
"50901.7689";"21538.4283";"421";"262"
"48850.5929";"21496.7386";"144";"403"
"50620.8508";"21170.9207";"328";"941"
"50008.5495";"21562.0316";"299";"585"
"50024.7728";"21544.0197";"298";"586"
"52445.8954";"21562.2613";"522";"95"
"50613.2167";"21557.0607";"373";"121"
"50809.6917";"21565.2536";"408";"263"
"51894.6442";"21361.9855";"488";"647"
"50500.1594";"21572.0692";"367";"264"
"50601.1534";"21577.6116";"376";"942"
"50601.1534";"21577.6116";"376";"122"
"50443.7035";"21526.9683";"362";"265"
"48906.109";"21578.9553";"154";"404"
"48927.9281";"21554.5783";"153";"405"
"50601.1534";"21577.6116";"376";"266"
"50613.2167";"21557.0607";"373";"267"
"50902.2622";"21243.8831";"372";"123"
"50523.2768";"21588.1594";"369";"268"
"50621.8431";"21583.4037";"381";"269"
"49626.4817";"21515.2131";"242";"800"
"50809.6917";"21565.2536";"408";"6"
"50890.414";"21545.2224";"420";"270"
"49706.7713";"21591.3286";"272";"612"
"50811.3058";"21599.1198";"415";"271"
"50828.2539";"21591.4525";"416";"272"
"52527.1807";"21606.5612";"529";"96"
"52527.1807";"21606.5612";"529";"97"
"49706.7713";"21591.3286";"272";"801"
"49878.4796";"21441.2611";"273";"613"
"49667.9238";"21609.2789";"270";"802"
"50811.3058";"21599.1198";"415";"273"
"50673.2015";"21615.6065";"402";"274"
"50683.4092";"21614.9242";"403";"275"
"52092.4269";"21413.8495";"499";"98"
"52597.6388";"21635.7523";"535";"406"
"50091.5632";"21640.0553";"313";"587"
"49702.2673";"21647.6341";"276";"803"
"50107.04";"21655.1774";"316";"588"
"52561.018";"21657.6943";"534";"99"
"52561.018";"21657.6943";"534";"407"
"51221.8048";"21387.477";"431";"104"
"52600.0081";"21672.2157";"536";"100"
"52597.6388";"21635.7523";"535";"408"
"53030.3772";"21052.3683";"526";"409"
"51460.7662";"21671.307";"466";"648"
"49808.9967";"21677.8425";"293";"912"
"49728.5896";"21608.5349";"275";"804"
"49603.9272";"21536.6752";"241";"937"
"48927.9281";"21554.5783";"153";"410"
"49091.363";"21688.9841";"175";"526"
"49457.24";"21682.4814";"239";"938"
"51438.9753";"21696.886";"468";"105"
"51438.9753";"21696.886";"468";"649"
"51151.8985";"21700.4638";"449";"33"
"49091.363";"21688.9841";"175";"411"
"49274.6863";"21498.0067";"174";"527"
"50024.7728";"21544.0197";"298";"589"
"50205.05";"21715.8262";"351";"867"
"49808.9967";"21677.8425";"293";"650"
"50008.5495";"21562.0316";"299";"913"
"51460.7662";"21671.307";"466";"106"
"51690.0008";"21569.7597";"489";"651"
"51179.8494";"21725.6001";"453";"34"
"49806.8953";"21730.6033";"296";"805"
"49806.8953";"21730.6033";"296";"914"
"49857.5508";"21719.9483";"300";"806"
"50205.05";"21715.8262";"351";"590"
"50407.5293";"21538.0823";"354";"868"
"50186.9305";"21734.9575";"352";"591"
"50186.9305";"21734.9575";"352";"869"
"50994.5987";"21736.7048";"438";"592"
"50984.9767";"21743.6515";"437";"593"
"51455.6344";"21745.7791";"480";"107"
"51481.1335";"21721.5562";"481";"652"
"49457.24";"21682.4814";"239";"927"
"49522.6125";"21747.9941";"267";"614"
"49119.715";"21713.2563";"178";"412"
"49167.1745";"21751.9916";"193";"413"
"50207.997";"21753.2315";"361";"594"
"50224.549";"21733.216";"360";"870"
"51179.8494";"21725.6001";"453";"595"
"49510.3138";"21760.7658";"268";"928"
"49510.3138";"21760.7658";"268";"615"
"51007.6179";"21757.6931";"445";"596"
"50828.2539";"21591.4525";"416";"7"
"50917.7642";"21799.2917";"436";"597"
"49167.1745";"21751.9916";"193";"414"
"49229.776";"21796.5025";"553";"415"
"49857.5508";"21719.9483";"300";"653"
"49938.1255";"21807.5064";"314";"847"
"49938.1255";"21807.5064";"314";"654"
"50107.04";"21655.1774";"316";"848"
"50891.3444";"21824.1344";"435";"8"
"50891.3444";"21824.1344";"435";"598"
"50917.7642";"21799.2917";"436";"9"
"50994.7379";"21766.8164";"442";"599"
"50960.144";"21467.1";"418";"35"
"51292.0301";"21833.8548";"463";"655"
"49231.4709";"21802.5133";"228";"416"
"49271.9554";"21835.2526";"235";"939"
"50224.549";"21733.216";"360";"600"
"50374.9147";"21836.7626";"385";"601"
"49909.3754";"21842.6495";"315";"656"
"49909.3754";"21842.6495";"315";"657"
"50899.9205";"21853.754";"441";"10"
"50919.9896";"21828.1121";"439";"602"
"50352.5076";"21854.3538";"382";"603"
"51276.6127";"21856.3031";"467";"36"
"51276.6127";"21856.3031";"467";"658"
"50363.6702";"21860.5129";"387";"604"
"51292.0301";"21833.8548";"463";"37"
"51455.6344";"21745.7791";"480";"659"
"49271.9554";"21835.2526";"235";"417"
"49445.0226";"21695.0683";"240";"940"
"51481.1335";"21721.5562";"481";"108"
"49269.8252";"21875.6638";"243";"418"
"49269.8252";"21875.6638";"243";"419"
"49306.9445";"21865.9845";"250";"420"
"50387.7947";"21839.8156";"388";"605"
"51588.3581";"21868.2028";"495";"109"
"50471.7559";"21871.5468";"405";"606"
"51308.1452";"21883.0379";"475";"38"
"51323.7933";"21861.5226";"473";"660"
"50041.2977";"21901.6991";"353";"871"
"49950.1876";"21820.8103";"319";"661"
"50642.969";"21904.0335";"426";"4"
"50642.969";"21904.0335";"426";"607"
"50683.4092";"21614.9242";"403";"5"
"50487.328";"21905.7564";"412";"608"
"50481.8989";"21879.9993";"407";"609"
"50658.4386";"21904.3927";"427";"610"
"50512.9157";"21910.8415";"417";"46"
"49306.9445";"21865.9845";"250";"421"
"49364.0653";"21910.9595";"269";"616"
"50041.2977";"21901.6991";"353";"662"
"50207.997";"21753.2315";"361";"872"
"50899.9205";"21853.754";"441";"611"
"50009.3612";"21936.9787";"355";"663"
"50009.3612";"21936.9787";"355";"873"
"49364.0653";"21910.9595";"269";"422"
"49702.2673";"21647.6341";"276";"617"
"50025.3521";"21953.0397";"365";"664"
"50056.1557";"21919.0271";"364";"874"
"49368.7077";"21955.3159";"274";"423"
"49368.7077";"21955.3159";"274";"424"
"49416.6368";"21950.2639";"277";"425"
"49918.895";"21851.1245";"318";"849"
"49790.0751";"21993.4714";"324";"850"
"52096.2121";"22023.9991";"583";"426"
"52105.5206";"22024.3127";"528";"427"
"51481.6273";"22027.3903";"500";"39"
"50056.1557";"21919.0271";"364";"665"
"51122.367";"22041.4038";"569";"666"
"51134.9202";"22043.8497";"471";"667"
"50175.314";"22025.0475";"380";"668"
"50140.883";"22057.8233";"379";"669"
"51122.0808";"22059.1495";"472";"670"
"51122.0808";"22059.1495";"472";"671"
"52016.0272";"22063.9478";"525";"428"
"51502.5617";"22067.4086";"502";"40"
"49790.0751";"21993.4714";"324";"925"
"49878.6233";"22074.7099";"358";"875"
"50158.5475";"22075.6734";"391";"672"
"49864.1664";"22089.0337";"357";"926"
"49864.1664";"22089.0337";"357";"876"
"51308.1452";"21883.0379";"475";"673"
"51131.51";"22097.8854";"483";"674"
"51122.2793";"22116.4354";"568";"675"
"49416.6368";"21950.2639";"277";"429"
"49628.3393";"22134.3543";"317";"851"
"51057.823";"22139.2731";"476";"676"
"51042.414";"22154.7151";"477";"677"
"49628.3393";"22134.3543";"317";"430"
"49779.1548";"22005.2786";"325";"852"
"51077.1595";"22159.6041";"486";"678"
"51116.4476";"22117.1758";"484";"679"
"51815.5941";"22160.411";"520";"431"
"51594.7744";"21876.8164";"496";"110"
"50188.8317";"22050.6997";"392";"680"
"50919.9896";"21828.1121";"439";"11"
"49614.0534";"22168.4082";"323";"432"
"49614.0534";"22168.4082";"323";"433"
"49644.9248";"22154.931";"330";"434"
"50305.8004";"22163.5264";"423";"681"
"50880.1025";"22167.9874";"458";"12"
"51042.414";"22154.7151";"477";"682"
"51077.1595";"22159.6041";"486";"683"
"51766.636";"22184.2701";"518";"111"
"51766.636";"22184.2701";"518";"435"
"50880.1025";"22167.9874";"458";"13"
"50877.1107";"22184.0138";"561";"14"
"51815.5941";"22160.411";"520";"436"
"52600.0081";"21672.2157";"536";"437"
"51785.0883";"22213.8115";"521";"112"
"51831.2531";"22192.6964";"523";"438"
"49644.9248";"22154.931";"330";"439"
"49714.5039";"22240.0756";"359";"877"
"51831.2531";"22192.6964";"523";"50"
"50454.3344";"22245.5368";"434";"47"
"51323.7933";"21861.5226";"473";"41"
"51622.1149";"22247.8649";"513";"440"
"50311.433";"22168.9219";"424";"684"
"50895.218";"22252.596";"469";"685"
"50873.6232";"22188.5676";"459";"15"
"51840.1621";"22257.9419";"580";"51"
"51603.6934";"22260.9594";"512";"42"
"51603.6934";"22260.9594";"512";"43"
"49714.5039";"22240.0756";"359";"441"
"50025.3521";"21953.0397";"365";"878"
"50454.3344";"22245.5368";"434";"686"
"50512.9157";"21910.8415";"417";"48"
"49697.0013";"22273.671";"363";"442"
"49697.0013";"22273.671";"363";"879"
"49730.9795";"22263.3266";"366";"443"
"50824.665";"22276.9051";"462";"16"
"50824.665";"22276.9051";"462";"687"
"50466.7312";"22295.7162";"443";"688"
"50466.7312";"22295.7162";"443";"49"
"50484.0612";"22267.9759";"440";"689"
"50484.0612";"22267.9759";"440";"690"
"50844.9629";"22308.7846";"470";"17"
"51062.1282";"22174.5686";"485";"691"
"50806.8252";"22323.5667";"465";"18"
"50844.9629";"22308.7846";"470";"692"
"50806.8252";"22323.5667";"465";"693"
"51328.215";"22574.4868";"514";"444"
"51316.2149";"22583.1427";"570";"445"
"51328.215";"22574.4868";"514";"446"
"51785.0883";"22213.8115";"521";"447"
"51296.846";"22652.1576";"516";"448"
"51296.846";"22652.1576";"516";"449"
"51339.7202";"22617.8432";"519";"450"
"50844.9629";"22308.7846";"470";"19"
"50895.617";"22805.4654";"508";"20"
"50881.9289";"22814.3199";"507";"21"
"50878.6088";"22826.4651";"562";"22"
"50895.617";"22805.4654";"508";"23"
"50912.3602";"22822.1241";"563";"24"
"50895.462";"22838.4412";"510";"25"
"50895.462";"22838.4412";"510";"26"
"50912.9346";"22835.1387";"511";"27"
"50976.7114";"22946.4862";"515";"28"
"50976.7114";"22946.4862";"515";"29"
"49730.9795";"22263.3266";"366";"451"
"50488.0292";"23095.9057";"503";"452"
"51079.0815";"23096.024";"532";"453"
"50987.0795";"22962.8335";"517";"30"
"51041.8242";"23119.5964";"530";"31"
"51041.8242";"23119.5964";"530";"454"
"51075.2815";"23134.6509";"533";"455"
"51079.0815";"23096.024";"532";"456"
"51339.7202";"22617.8432";"519";"457"
"50488.0292";"23095.9057";"503";"458"
"50518.8332";"23151.0566";"505";"459"
"50518.8332";"23151.0566";"505";"460"
"50578.1489";"23148.872";"509";"461"
"50578.1489";"23148.872";"509";"462"
"51075.2815";"23134.6509";"533";"463"
"51701.3391";"21567.2987";"491";"694"
"51661.6051";"21537.6155";"479";"695"
"52567.0891";"20309.3894";"450";"464"
"48850.5929";"21496.7386";"144";"465"
"48906.109";"21578.9553";"154";"466"
"49174.2028";"19964.9499";"72";"554"
"48522.537";"20365.9071";"53";"555"
